gene,chromosome,mean_expr,std_expr,corr_cis,pval_cis,corr_trans,pval_trans,cis_minus_trans,cnv_source,corr_with_cnv,pval,pval_adj,dosage_sensitive,dosage_compensated,strong_cis_effect
HLA-DRB1,chr6,2.013888,1.5638657,0.6859247399144557,0.0,-0.3685704334702211,8.84393804492284e-229,1.0544951733846768,chromosome-specific,0.6859247399144557,0.0,0.0,True,False,True
HLA-DPB1,chr6,1.8489568,1.4027467,0.68438718957635,0.0,-0.37838583165484435,5.240966402669855e-242,1.0627730212311943,chromosome-specific,0.68438718957635,0.0,0.0,True,False,True
HLA-DQB1,chr6,1.2220129,1.2815713,0.6830802835383708,0.0,-0.41036334042078554,2.1861584286589376e-288,1.0934436239591563,chromosome-specific,0.6830802835383708,0.0,0.0,True,False,True
HLA-DRA,chr6,2.3548238,1.7085029,0.6806210432776252,0.0,-0.404765495294244,6.809243113816758e-280,1.085386538571869,chromosome-specific,0.6806210432776252,0.0,0.0,True,False,True
HLA-DQA1,chr6,0.9547944,1.208989,0.6795629232292288,0.0,-0.45471652417629127,0.0,1.13427944740552,chromosome-specific,0.6795629232292288,0.0,0.0,True,False,True
HLA-DPA1,chr6,1.5936644,1.3951297,0.670619721918762,0.0,-0.4173241966405509,3.5395523212295163e-299,1.087943918559313,chromosome-specific,0.670619721918762,0.0,0.0,True,False,True
HLA-DMA,chr6,0.7434933,0.94317836,0.5895766400228217,0.0,-0.37864752631394116,2.2931626001614414e-242,0.9682241663367629,chromosome-specific,0.5895766400228217,0.0,0.0,True,False,True
S100A11,chr1,1.7403021,1.3470849,0.5230448829287799,0.0,-0.3516993857478792,4.2291199158050065e-207,0.8747442686766591,chromosome-specific,0.5230448829287799,0.0,0.0,True,False,True
S100A6,chr1,2.569962,1.3007709,0.5142115205056919,0.0,-0.17589595640535596,9.555089119433807e-51,0.6901074769110478,chromosome-specific,0.5142115205056919,0.0,0.0,True,False,True
C1QA,chr1,1.1171371,1.5427846,0.4954527113182992,0.0,-0.5221858776108973,0.0,1.0176385889291966,chromosome-specific,0.4954527113182992,0.0,0.0,True,False,True
FCER1G,chr1,1.0258474,1.2968876,0.49102673301488253,0.0,-0.4728763202713615,0.0,0.963903053286244,chromosome-specific,0.49102673301488253,0.0,0.0,True,False,True
S100A10,chr1,1.7809008,1.2844747,0.4885642857939246,0.0,-0.34135491370788923,1.8938049562457203e-194,0.8299191995018138,chromosome-specific,0.4885642857939246,0.0,0.0,True,False,True
C1QB,chr1,0.98197687,1.4522372,0.4846654611267276,0.0,-0.5297963370984915,0.0,1.014461798225219,chromosome-specific,0.4846654611267276,0.0,0.0,True,False,True
S100A4,chr1,2.6992018,1.2768168,0.4714807982347641,0.0,-0.3407318966536363,1.056858944088085e-193,0.8122126948884003,chromosome-specific,0.4714807982347641,0.0,0.0,True,False,True
LY86,chr6,0.33231077,0.61792207,0.4676863966606086,0.0,-0.4054965589201197,5.408966387345822e-281,0.8731829555807283,chromosome-specific,0.4676863966606086,0.0,0.0,True,False,True
S100A9,chr1,0.61910415,1.0728794,0.46443219754920584,0.0,-0.45788047238618146,0.0,0.9223126699353873,chromosome-specific,0.46443219754920584,0.0,0.0,True,False,True
AIF1,chr6,0.66092867,1.0810208,0.45594866306590165,0.0,-0.5398450458604058,0.0,0.9957937089263075,chromosome-specific,0.45594866306590165,0.0,0.0,True,False,True
C1QC,chr1,0.587946,1.093904,0.45506709143790625,0.0,-0.539840668802746,0.0,0.9949077602406522,chromosome-specific,0.45506709143790625,0.0,0.0,True,False,True
LST1,chr6,0.68054134,1.046256,0.4422915000657231,0.0,-0.5321399398897582,0.0,0.9744314399554812,chromosome-specific,0.4422915000657231,0.0,0.0,True,False,True
FCGR3A,chr1,0.6467852,1.0238488,0.4393849850546368,0.0,-0.32512438065044136,1.494900244147893e-175,0.7645093657050781,chromosome-specific,0.4393849850546368,0.0,0.0,True,False,True
GLUL,chr1,0.74372894,1.04384,0.43681200159593214,0.0,-0.39557779321136044,2.6533713542521285e-266,0.8323897948072926,chromosome-specific,0.43681200159593214,0.0,0.0,True,False,True
CD83,chr6,0.6028829,0.89172274,0.4345836259031448,0.0,-0.27977525692543315,1.266486268053265e-128,0.714358882828578,chromosome-specific,0.4345836259031448,0.0,0.0,True,False,True
CCL4,chr17,0.8916379,1.3772733,0.43101716241449817,3.656e-321,-0.0048110242270707725,0.6843033049352405,0.4358281866415689,chromosome-specific,0.43101716241449817,3.656e-321,2.42676e-318,True,False,True
C1orf162,chr1,0.67118055,0.95266294,0.4305013465630929,2.566e-320,-0.48873336010090596,0.0,0.9192347066639989,chromosome-specific,0.4305013465630929,2.566e-320,1.6378133e-317,True,False,True
S100A8,chr1,0.37412137,0.81796443,0.41925779463419877,3.2046802509235244e-302,-0.4541501771144658,0.0,0.8734079717486646,chromosome-specific,0.41925779463419877,3.2046802509235244e-302,1.969572743845369e-299,True,False,True
IFI6,chr1,0.50529313,0.79837835,0.40873996875046836,6.6002298240698545e-286,-0.3240021313219243,2.7484628562651416e-174,0.7327421000723926,chromosome-specific,0.40873996875046836,6.6002298240698545e-286,3.911579060736256e-283,True,False,True
NCF2,chr1,0.2655776,0.5636267,0.4044252272665928,2.20870272149785e-279,-0.5238300628775835,0.0,0.9282552901441763,chromosome-specific,0.4044252272665928,2.20870272149785e-279,1.263834929673632e-276,True,False,True
CCL5,chr17,1.1653353,1.5903106,0.40380585889165,1.8742008097722184e-278,0.12116287721001269,8.876674920390767e-25,0.2826429816816373,chromosome-specific,0.40380585889165,1.8742008097722184e-278,1.0366829412453398e-275,True,False,True
SH3BGRL3,chr1,2.1380727,1.0359478,0.39372507757153064,1.2957414035212636e-263,-0.374082318198967,3.762161527982214e-236,0.7678073957704976,chromosome-specific,0.39372507757153064,1.2957414035212636e-263,6.935978338719951e-261,True,False,True
MNDA,chr1,0.26838535,0.5885014,0.37971804188319525,7.736081783610506e-244,-0.4706919001625512,0.0,0.8504099420457465,chromosome-specific,0.37971804188319525,7.736081783610506e-244,4.0116419099135226e-241,True,False,True
FCGR1A,chr1,0.16578655,0.42939916,0.3742210173336174,2.443918783253232e-236,-0.4514677596592779,0.0,0.8256887769928953,chromosome-specific,0.3742210173336174,2.443918783253232e-236,1.2289208572516405e-233,True,False,True
CCL4L2,chr17,0.48124617,0.9673231,0.3733337780579623,3.845541630297662e-235,-0.045222040798459234,0.00013139952705247735,0.41855581885642157,chromosome-specific,0.3733337780579623,3.845541630297662e-235,1.876850523916453e-232,True,False,True
CXCR4,chr2,1.7954774,1.5849543,0.37171460628326275,5.748061754958994e-233,0.13354046950482934,8.628417927043435e-30,0.2381741367784334,chromosome-specific,0.37171460628326275,5.748061754958994e-233,2.7252381931939872e-230,True,False,True
IGLC3,chr22,0.57605207,1.104235,0.3629925633651353,1.8208074071913594e-221,0.05439457391218472,4.2153559885976465e-06,0.3085979894529506,chromosome-specific,0.3629925633651353,1.8208074071913594e-221,8.392910587481505e-219,True,False,True
CTSS,chr1,1.0330012,1.0808196,0.3618613126051965,5.318875479087934e-220,-0.45589978496060707,0.0,0.8177610975658036,chromosome-specific,0.3618613126051965,5.318875479087934e-220,2.385443775675275e-217,True,False,True
IGLC2,chr22,1.3567317,1.5549866,0.3530788625241873,7.993543313095842e-209,0.1236428210339837,9.629740001494264e-26,0.22943604149020358,chromosome-specific,0.3530788625241873,7.993543313095842e-209,3.4906541509871684e-206,True,False,True
PPT1,chr1,0.40693152,0.6557064,0.34153948013248003,1.1371121183533788e-194,-0.3734506030691809,2.676562211367829e-235,0.7149900832016609,chromosome-specific,0.34153948013248003,1.1371121183533788e-194,4.83826627998871e-192,True,False,True
DERL3,chr22,0.10059528,0.40528417,0.33897265045609615,1.3279778421284481e-191,0.006895612841797098,0.5600427487820409,0.3320770376142991,chromosome-specific,0.33897265045609615,1.3279778421284481e-191,5.509116078069868e-189,True,False,True
FCGR2A,chr1,0.21761338,0.4992469,0.33850323905029567,4.797268387011912e-191,-0.4234963405001186,5.816563917317295e-309,0.7619995795504142,chromosome-specific,0.33850323905029567,4.797268387011912e-191,1.941606624733553e-188,True,False,True
ADAMTSL4,chr1,0.12959692,0.35361978,0.3312937219887294,1.3387186121909274e-182,-0.40087808569764677,4.3254440860730066e-274,0.7321718076863761,chromosome-specific,0.3312937219887294,1.3387186121909274e-182,5.166208523417733e-180,True,False,True
PGD,chr1,0.21634574,0.46390277,0.33086392061662545,4.197856862953267e-182,-0.365165309216661,2.683573739602682e-224,0.6960292298332864,chromosome-specific,0.33086392061662545,4.197856862953267e-182,1.583164472360148e-179,True,False,True
TREM1,chr6,0.37240356,0.7700043,0.3281244735915496,5.8583079814381035e-179,-0.5027174011529918,0.0,0.8308418747445414,chromosome-specific,0.3281244735915496,5.8583079814381035e-179,2.1602836143107528e-176,True,False,True
TAGLN2,chr1,1.3494468,1.0262175,0.32755574876673155,2.609619646770268e-178,-0.260156461988211,7.211291698873741e-111,0.5877122107549426,chromosome-specific,0.32755574876673155,2.609619646770268e-178,9.413919221414311e-176,True,False,True
MGST3,chr1,0.7204588,0.85988826,0.3247394633892655,4.063679032415554e-175,-0.23948222206423225,9.651033280668166e-94,0.5642216854534978,chromosome-specific,0.3247394633892655,4.063679032415554e-175,1.4347380822107172e-172,True,False,True
ACOT7,chr1,0.20672707,0.47069383,0.3242760377438468,1.35197001035732e-174,-0.3669845166952188,1.098798724416364e-226,0.6912605544390655,chromosome-specific,0.3242760377438468,1.35197001035732e-174,4.673872989972785e-172,True,False,True
GNG5,chr1,0.8812664,0.8742976,0.3237148631374046,5.779616524227916e-174,-0.22065764012474742,1.6131176624744424e-79,0.544372503262152,chromosome-specific,0.3237148631374046,5.779616524227916e-174,1.9572848286334295e-171,True,False,True
YBX1,chr1,1.9022633,1.0003892,0.3234040177353948,1.2906402792688328e-173,-0.3557450639849917,3.52402354410236e-212,0.6791490817203865,chromosome-specific,0.3234040177353948,1.2906402792688328e-173,4.283376958837402e-171,True,False,True
CCL3,chr17,0.59174144,1.0914086,0.31909876137594634,7.959691366481869e-169,-0.11748641887788328,2.1975465409114525e-23,0.43658518025382964,chromosome-specific,0.31909876137594634,7.959691366481869e-169,2.5898650693215714e-166,True,False,True
HLA-DOA,chr6,0.10110871,0.31279597,0.31720816757562154,9.540416213777537e-167,-0.15297427296205557,1.1464072881721361e-38,0.4701824405376771,chromosome-specific,0.31720816757562154,9.540416213777537e-167,3.04449358945047e-164,True,False,True
ATP1B1,chr1,0.28033447,0.58076626,0.3154955983255098,7.071186059123396e-165,-0.06416598987954795,5.683767376676122e-08,0.37966158820505774,chromosome-specific,0.3154955983255098,7.071186059123396e-165,2.2139483295300683e-162,True,False,True
LAMTOR2,chr1,0.4317734,0.651696,0.3152325298960986,1.366592595474546e-164,-0.2564819014027049,1.045494249805869e-107,0.5717144312988035,chromosome-specific,0.3152325298960986,1.366592595474546e-164,4.199488431352707e-162,True,False,True
PHACTR1,chr6,0.27719843,0.59307253,0.3145050875182081,8.421423208143069e-164,-0.3099045139037288,7.391224062489116e-159,0.6244096014219369,chromosome-specific,0.3145050875182081,8.421423208143069e-164,2.540819940289565e-161,True,False,True
TREM2,chr6,0.12113985,0.37708318,0.3139839196249102,3.089054649550222e-163,-0.35858838764155915,8.561548257837798e-216,0.6725723072664693,chromosome-specific,0.3139839196249102,3.089054649550222e-163,9.153530866899353e-161,True,False,True
EFHD2,chr1,0.41542307,0.6739889,0.31324538913982125,1.9396664984775913e-162,-0.2453977177476525,1.7667375487839107e-98,0.5586431068874738,chromosome-specific,0.31324538913982125,1.9396664984775913e-162,5.646811557146868e-160,True,False,True
PHLDA3,chr1,0.14290439,0.3755899,0.3084210373780483,2.779208463465674e-157,-0.30275239669324583,2.3948705798437727e-151,0.6111734340712942,chromosome-specific,0.3084210373780483,2.779208463465674e-157,7.951411248749896e-155,True,False,True
RAB13,chr1,0.2718686,0.54649323,0.3077543906742176,1.4086947153863948e-156,-0.20991129480640353,5.690966205325713e-72,0.5176656854806212,chromosome-specific,0.3077543906742176,1.4086947153863948e-156,3.962013577478277e-154,True,False,True
ARPC5,chr1,0.80820954,0.8381705,0.30379482796889384,1.9848616356962894e-152,-0.2412689449688596,3.692530343624129e-95,0.5450637729377534,chromosome-specific,0.30379482796889384,1.9848616356962894e-152,5.489465663790704e-150,True,False,True
TXNIP,chr1,1.1541474,1.0794926,0.29774471172620354,3.257959905139857e-146,-0.11833175649686203,1.0600412448236893e-23,0.41607646822306554,chromosome-specific,0.29774471172620354,3.257959905139857e-146,8.71977204288561e-144,True,False,True
TPM3,chr1,0.9925906,0.8781385,0.2956253367387571,4.517618491683222e-144,-0.23432542822341357,1.021315491045637e-89,0.5299507649621706,chromosome-specific,0.2956253367387571,4.517618491683222e-144,1.1899263690633555e-141,True,False,True
SNX3,chr6,0.9114305,0.88462055,0.29525075123547556,1.075463932887482e-143,-0.27803619466207774,5.456006855210484e-127,0.5732869458975534,chromosome-specific,0.29525075123547556,1.075463932887482e-143,2.7884763284898244e-141,True,False,True
ZFP36L2,chr2,1.7569009,1.2483352,0.2943193494653718,9.241944891360567e-143,0.10581802842826812,3.01344094578787e-19,0.18850132103710368,chromosome-specific,0.2943193494653718,9.241944891360567e-143,2.359397438880573e-140,True,False,True
ICOS,chr2,0.2952313,0.68342,0.29156928956939077,5.05339592895311e-140,0.059503441670960694,4.821255576795887e-07,0.23206584789843007,chromosome-specific,0.29156928956939077,5.05339592895311e-140,1.2705462431067866e-137,True,False,True
CCL3L3,chr17,0.3961681,0.83125067,0.29032039701032486,8.647315214719367e-139,-0.11347017233928766,6.530474127620814e-22,0.40379056934961255,chromosome-specific,0.29032039701032486,8.647315214719367e-139,2.1416947563142264e-136,True,False,True
CAV1,chr7,0.14905842,0.6120067,0.2888400356525028,2.4584746022813675e-137,0.2906659110975486,3.9473658912462196e-139,-0.0018258754450457548,chromosome-specific,0.2888400356525028,2.4584746022813675e-137,5.912453268153191e-135,True,False,False
PRDX1,chr1,0.9629559,0.93421334,0.286059233289535,1.252825044413615e-134,-0.1844965112860027,9.784363415166652e-56,0.47055574457553767,chromosome-specific,0.286059233289535,1.252825044413615e-134,2.969911255285647e-132,True,False,True
CTSD,chr11,1.2261746,1.282302,0.2860085241322142,1.402723201906598e-134,-0.3980149299542397,7.25421713873812e-270,0.6840234540864539,chromosome-specific,0.2860085241322142,1.402723201906598e-134,3.2784209594983227e-132,True,False,True
COX8A,chr11,1.1551104,0.8828259,0.2859021004390645,1.778060659444715e-134,-0.18815619194358685,6.174896973079718e-58,0.47405829238265135,chromosome-specific,0.2859021004390645,1.778060659444715e-134,4.097935914281334e-132,True,False,True
SPI1,chr11,0.505474,0.87715805,0.2856819125646757,2.9030561916995733e-134,-0.5634269754431023,0.0,0.849108888007778,chromosome-specific,0.2856819125646757,2.9030561916995733e-134,6.599084170556537e-132,True,False,True
CREG1,chr1,0.24952252,0.49695525,0.284773612167171,2.1832013558439262e-133,-0.27440326460599734,1.2962621237862516e-123,0.5591768767731684,chromosome-specific,0.284773612167171,2.1832013558439262e-133,4.89568152687488e-131,True,False,True
CDC42,chr1,1.2105777,0.8974972,0.2846197043185337,3.070750164178189e-133,-0.1988493708425974,1.2532060769440709e-64,0.4834690751611311,chromosome-specific,0.2846197043185337,3.070750164178189e-133,6.794137096583049e-131,True,False,True
SCGB1A1,chr11,0.7793006,1.047083,0.2840620490741631,1.0550018432318918e-132,-0.1355137669961257,1.2330183011980357e-30,0.4195758160702888,chromosome-specific,0.2840620490741631,1.0550018432318918e-132,2.303513235077633e-130,True,False,True
DUSP2,chr2,0.8703052,1.1095047,0.28264606107409695,2.3919058359647296e-131,0.055572198940518236,2.598777624439577e-06,0.22707386213357872,chromosome-specific,0.28264606107409695,2.3919058359647296e-131,5.1547123950647694e-129,True,False,True
ATP6V0B,chr1,0.6142042,0.7745665,0.280530088442687,2.4521839371562213e-129,-0.30474988728249847,2.0086818985978435e-153,0.5852799757251854,chromosome-specific,0.280530088442687,2.4521839371562213e-129,5.216864135021838e-127,True,False,True
FGR,chr1,0.20253195,0.48412982,0.2786505837171994,1.4483123241141922e-127,-0.23500107985717683,3.071867221259169e-90,0.5136516635743762,chromosome-specific,0.2786505837171994,1.4483123241141922e-127,2.9670734205371487e-125,True,False,True
SLC6A14,chrX,0.01117569,0.1127884,0.27787094098258136,7.79029353015421e-127,0.27787094098258136,7.79029353015421e-127,0.0,global,0.27787094098258136,7.79029353015421e-127,1.5764894004802312e-124,True,False,False
NEAT1,chr11,1.8085567,1.1965592,0.27581129822985984,6.462919801508859e-125,-0.17423018085650066,8.27127577312022e-50,0.4500414790863605,chromosome-specific,0.27581129822985984,6.462919801508859e-125,1.2921167612799757e-122,True,False,True
HLA-B,chr6,3.6774771,0.6910646,0.27553429416456304,1.1674432204469694e-124,-0.0841711331275063,1.0315561941562225e-12,0.35970542729206934,chromosome-specific,0.27553429416456304,1.1674432204469694e-124,2.2893890516682183e-122,True,False,True
SMIM22,chr16,0.05668356,0.30515578,0.2755321877597017,1.1727013944305084e-124,0.36497029523618585,4.8279046238080205e-224,-0.08943810747648417,chromosome-specific,0.2755321877597017,1.1727013944305084e-124,2.2893890516682183e-122,True,False,False
GZMB,chr14,0.47736198,1.091306,0.2746196588766193,8.185712959937188e-124,0.07951331148355201,1.689747719352087e-11,0.19510634739306731,chromosome-specific,0.2746196588766193,8.185712959937188e-124,1.5794618704325313e-121,True,False,True
CTSC,chr11,0.8590381,0.99581265,0.2714410382844644,6.717513563688143e-121,-0.36576333625525914,4.4206507859670966e-225,0.6372043745397236,chromosome-specific,0.2714410382844644,6.717513563688143e-121,1.281269196274035e-118,True,False,True
SCP2,chr1,0.6366077,0.7515833,0.27107544035303854,1.4450165417107918e-120,-0.08358860026119164,1.4758896609364145e-12,0.3546640406142302,chromosome-specific,0.27107544035303854,1.4450165417107918e-120,2.724841419676009e-118,True,False,True
GZMH,chr14,0.46823022,1.0185051,0.27088509419938506,2.152124091702819e-120,0.07935101747392102,1.8574565526361467e-11,0.19153407672546402,chromosome-specific,0.27088509419938506,2.152124091702819e-120,4.012623278395122e-118,True,False,True
AQP1,chr7,0.0921923,0.4371969,0.26947694761618946,4.057835172971471e-119,0.3451112346725672,5.480977688126826e-199,-0.07563428705637776,chromosome-specific,0.26947694761618946,4.057835172971471e-119,7.481746317809842e-117,True,False,False
SERPING1,chr11,0.51068455,0.8929067,0.26908241756699947,9.210114527752789e-119,-0.29185990138964457,2.604369454041246e-140,0.560942318956644,chromosome-specific,0.26908241756699947,9.210114527752789e-119,1.6612243529731498e-116,True,False,True
SORT1,chr1,0.095188946,0.28790474,0.2681176967728214,6.794671450851442e-118,-0.28944913856844723,6.216694851033392e-138,0.5575668353412686,chromosome-specific,0.2681176967728214,6.794671450851442e-118,1.2123739575852563e-115,True,False,True
CAP1,chr1,0.8503649,0.846347,0.2678485852788892,1.1847653945921048e-117,-0.2361126662937006,4.2205365192802567e-91,0.5039612515725898,chromosome-specific,0.2678485852788892,1.1847653945921048e-117,2.0914890380703605e-115,True,False,True
STX12,chr1,0.22679745,0.480045,0.26627911863657266,2.9943528972675946e-116,-0.24408684536657982,2.0330867237304378e-97,0.5103659640031525,chromosome-specific,0.26627911863657266,2.9943528972675946e-116,5.2303465239219434e-114,True,False,True
MS4A7,chr11,0.41000167,0.7885738,0.2658157250988361,7.738167869659232e-116,-0.5529006611769945,0.0,0.8187163862758307,chromosome-specific,0.2658157250988361,7.738167869659232e-116,1.3375745586367217e-113,True,False,True
CD52,chr1,2.3972993,1.2125398,0.2655845621884852,1.241716420895139e-115,-0.3910636296330446,8.806196278027959e-260,0.6566481918215298,chromosome-specific,0.2655845621884852,1.241716420895139e-115,2.1242311637457667e-113,True,False,True
GSTP1,chr11,1.1960652,1.0281397,0.26371078009989235,5.640056052126645e-114,-0.06188660188649597,1.6475268621117687e-07,0.3255973819863883,chromosome-specific,0.26371078009989235,5.640056052126645e-114,9.550111237651995e-112,True,False,True
SGK1,chr6,0.30382037,0.6367907,0.2627164835278836,4.2191771238742676e-113,-0.1941982455280129,1.1421272933180772e-61,0.45691472905589653,chromosome-specific,0.2627164835278836,4.2191771238742676e-113,7.072022746825211e-111,True,False,True
FAM89A,chr1,0.0785154,0.2625839,0.26251823890912945,6.295418194732274e-113,-0.2744719218338012,1.1203979320965848e-123,0.5369901607429306,chromosome-specific,0.26251823890912945,6.295418194732274e-113,1.0446616952338735e-110,True,False,True
CAV2,chr7,0.06861291,0.3630713,0.2623810361449493,8.302701792823495e-113,0.29071681407607275,3.516347446868926e-139,-0.028335777931123463,chromosome-specific,0.2623810361449493,8.302701792823495e-113,1.3641092430704265e-110,True,False,False
CYTIP,chr2,0.9682329,0.9904836,0.2623192424101958,9.404368398979596e-113,0.025305155945885865,0.032438499299041496,0.2370140864643099,chromosome-specific,0.2623192424101958,9.404368398979596e-113,1.52996165894772e-110,True,False,True
PTAFR,chr1,0.09461547,0.29754192,0.2567624434251521,6.022393727375153e-108,-0.33017367153966454,2.6209418799824077e-181,0.5869361149648167,chromosome-specific,0.2567624434251521,6.022393727375153e-108,9.60919245308301e-106,True,False,True
FTH1,chr11,4.153996,1.1864864,0.2566532209690167,7.465668186158831e-108,-0.4593143027286747,0.0,0.7159675236976915,chromosome-specific,0.2566532209690167,7.465668186158831e-108,1.179859979820187e-105,True,False,True
NR4A2,chr2,0.96649086,1.0584459,0.256586360198069,8.514515436464443e-108,0.018694259219314717,0.1140949956997832,0.2378921009787543,chromosome-specific,0.256586360198069,8.514515436464443e-108,1.332923293893311e-105,True,False,True
CLIC1,chr6,1.5762672,0.92939264,0.255064109204738,1.6803989439781446e-106,-0.19975387509690598,3.2636860666752323e-65,0.454817984301644,chromosome-specific,0.255064109204738,1.6803989439781446e-106,2.606031782838629e-104,True,False,True
RNASET2,chr6,0.78707767,0.8223596,0.2541653062711712,9.684537045630764e-106,-0.23557226964981887,1.1092010795556502e-90,0.48973757592099004,chromosome-specific,0.2541653062711712,9.684537045630764e-106,1.4880111827333045e-103,True,False,True
ABL2,chr1,0.18604076,0.47655657,0.25386180444491363,1.746819458456432e-105,-0.30543872758500235,3.8288141279022306e-154,0.559300532029916,chromosome-specific,0.25386180444491363,1.746819458456432e-105,2.6593323021675255e-103,True,False,True
PLS3,chrX,0.051479492,0.26538655,0.25339121164793943,4.3527483627703565e-105,0.25339121164793943,4.3527483627703565e-105,0.0,global,0.25339121164793943,4.3527483627703565e-105,6.56631875743739e-103,True,False,False
YPEL5,chr2,0.9933368,0.98426884,0.2524669831634009,2.600648830738055e-104,0.028584549941230882,0.015680485182967555,0.22388243322217,chromosome-specific,0.2524669831634009,2.600648830738055e-104,3.887852855609665e-102,True,False,True
PON2,chr7,0.088277064,0.34290123,0.25137310980951044,2.1367218459438698e-103,0.297842943449555,2.589555541467349e-146,-0.04646983364004453,chromosome-specific,0.25137310980951044,2.1367218459438698e-103,3.165782349249337e-101,True,False,False
SRSF7,chr2,1.2171372,0.97392106,0.2511426157059361,3.325890027149961e-103,0.17592782057517278,9.166699092761036e-51,0.07521479513076332,chromosome-specific,0.2511426157059361,3.325890027149961e-103,4.884054788542164e-101,True,False,True
STX11,chr6,0.28461006,0.55382085,0.25039533630100075,1.3916667048499986e-102,-0.35642211396287615,4.894698107644928e-213,0.6068174502638769,chromosome-specific,0.25039533630100075,1.3916667048499986e-102,2.0257295877439363e-100,True,False,True
SCCPDH,chr1,0.15787537,0.39398083,0.25018246137647415,2.090418289955254e-102,-0.2247449426835989,1.6929068683719173e-82,0.47492740406007306,chromosome-specific,0.25018246137647415,2.090418289955254e-102,3.0163827046536943e-100,True,False,True
SERINC2,chr1,0.053034928,0.20931382,0.24718760346527546,6.140039283676385e-100,-0.10112097395424055,1.0526357500671434e-17,0.34830857741951604,chromosome-specific,0.24718760346527546,6.140039283676385e-100,8.78343205804534e-98,True,False,True
HLA-DRB5,chr6,0.0586905,0.23629823,0.24688555739132234,1.0844672785670225e-99,-0.14539049566595508,4.685734217749384e-35,0.3922760530572774,chromosome-specific,0.24688555739132234,1.0844672785670225e-99,1.5380897453453992e-97,True,False,True
PRDX5,chr11,0.8710535,0.8733168,0.2464102894613919,2.6500427691251157e-99,0.03884597931580314,0.0010225709601285713,0.20756431014558877,chromosome-specific,0.2464102894613919,2.6500427691251157e-99,3.726678789056116e-97,True,False,True
ISG15,chr1,0.5219826,0.76543844,0.24536824207215646,1.8668051129025633e-98,-0.19717300165872018,1.4908310373759962e-63,0.44254124373087667,chromosome-specific,0.24536824207215646,1.8668051129025633e-98,2.603173449034045e-96,True,False,True
CFL1,chr11,2.2402077,0.8731159,0.24467897293873994,6.756072994837801e-98,-0.23511524859823213,2.50653125797925e-90,0.47979422153697204,chromosome-specific,0.24467897293873994,6.756072994837801e-98,9.342522939694873e-96,True,False,True
SLC27A3,chr1,0.12026802,0.35012928,0.24290858722773845,1.8045356114725854e-96,-0.19185602643641625,3.3094301476337527e-60,0.4347646136641547,chromosome-specific,0.24290858722773845,1.8045356114725854e-96,2.454464257112794e-94,True,False,True
LAMTOR1,chr11,0.6701109,0.79149127,0.2417591386894585,1.5011932536385833e-95,-0.29258312122560737,4.986618349116207e-141,0.5343422599150659,chromosome-specific,0.2417591386894585,1.5011932536385833e-95,2.025268361860053e-93,True,False,True
TNFAIP8L2,chr1,0.0857315,0.28868866,0.24173277615825917,1.5757272895257196e-95,-0.22549294911139575,4.752656443010617e-83,0.4672257252696549,chromosome-specific,0.24173277615825917,1.5757272895257196e-95,2.10867892277337e-93,True,False,True
MT1E,chr16,0.13476855,0.46661827,0.24145544994706844,2.6224485857889817e-95,0.2680663743251599,7.555091927984386e-118,-0.026610924378091455,chromosome-specific,0.24145544994706844,2.6224485857889817e-95,3.4813529466065893e-93,True,False,False
TMEM53,chr1,0.072303735,0.24728493,0.24013267673266747,2.951131021605731e-94,-0.20133400763956946,3.062557077897453e-66,0.4414666843722369,chromosome-specific,0.24013267673266747,2.951131021605731e-94,3.886592712105199e-92,True,False,True
MS4A4A,chr11,0.1893843,0.47362497,0.23889307199894194,2.813939948830832e-93,-0.4382104389713709,0.0,0.6771035109703128,chromosome-specific,0.23889307199894194,2.813939948830832e-93,3.6767338197558125e-91,True,False,True
SLPI,chr20,0.3686014,0.8455572,0.2383826558176659,7.0943898611034055e-93,0.2817232228560848,1.8108769030427185e-130,-0.0433405670384189,chromosome-specific,0.2383826558176659,7.0943898611034055e-93,9.197211355871087e-91,True,False,False
OGFRL1,chr6,0.119567454,0.34681165,0.237549179465917,3.1962634653702685e-92,-0.2595717576949053,2.3146005964349918e-110,0.4971209371608223,chromosome-specific,0.237549179465917,3.1962634653702685e-92,4.111534569329786e-90,True,False,True
QSOX1,chr1,0.18327536,0.4241129,0.23656876777688543,1.863593120966832e-91,-0.10435420125260936,9.278897324970143e-19,0.3409229690294948,chromosome-specific,0.23656876777688543,1.863593120966832e-91,2.3788049422556622e-89,True,False,True
GPA33,chr1,0.05360928,0.21371715,0.23649717255400882,2.1189918258326034e-91,-0.2926036944098108,4.7572241311035705e-141,0.5291008669638196,chromosome-specific,0.23649717255400882,2.1189918258326034e-91,2.6841641494554366e-89,True,False,True
MAOA,chrX,0.02727014,0.19170994,0.23604927409184132,4.727700980746583e-91,0.23604927409184132,4.727700980746583e-91,0.0,global,0.23604927409184132,4.727700980746583e-91,5.943293187462788e-89,True,False,False
RNPEP,chr1,0.18364085,0.422857,0.23568509209844601,9.067485766382683e-91,-0.16957458828584293,3.0727385393666044e-47,0.40525968038428895,chromosome-specific,0.23568509209844601,9.067485766382683e-91,1.1313222466718365e-88,True,False,True
RASAL2,chr1,0.0824433,0.27805254,0.23521489746328889,2.098642473379715e-90,-0.22531694500657157,6.41107643532339e-83,0.46053184246986045,chromosome-specific,0.23521489746328889,2.098642473379715e-90,2.5796202372787405e-88,True,False,True
CD81,chr11,0.4861664,0.7563954,0.23424249150604276,1.1832894112092481e-89,-0.2600819911977258,8.367407280868632e-111,0.49432448270376855,chromosome-specific,0.23424249150604276,1.1832894112092481e-89,1.44378709482399e-87,True,False,True
GZMK,chr5,0.2953274,0.83342534,0.23379633233513383,2.609621761271039e-89,0.07675183808089964,8.24093725092309e-11,0.1570444942542342,chromosome-specific,0.23379633233513383,2.609621761271039e-89,3.1608805479220163e-87,True,False,True
HMGN2,chr1,1.1764024,0.9031032,0.23364690781750924,3.39979801548993e-89,-0.15822847054528497,2.7904965847218414e-41,0.3918753783627942,chromosome-specific,0.23364690781750924,3.39979801548993e-89,4.088133932539123e-87,True,False,True
EML4,chr2,0.65699697,0.820935,0.23240805129873915,3.0250327357410536e-88,-0.09412017565726252,1.5598872122866568e-15,0.3265282269560017,chromosome-specific,0.23240805129873915,3.0250327357410536e-88,3.611323253013456e-86,True,False,True
TSPAN6,chrX,0.025712399,0.1780855,0.2317498365789581,9.611958649386483e-88,0.2317498365789581,9.611958649386483e-88,0.0,global,0.2317498365789581,9.611958649386483e-88,1.1392917273422806e-85,True,False,False
CD7,chr17,0.6005314,0.9699325,0.23099905352265543,3.577484422113956e-87,0.11078608755686006,5.8971621104854415e-21,0.12021296596579537,chromosome-specific,0.23099905352265543,3.577484422113956e-87,4.210267836919077e-85,True,False,True
DDAH2,chr6,0.3490942,0.60280764,0.2300943807852254,1.732249326871424e-86,-0.20764847559894667,1.9598319766824572e-70,0.4377428563841721,chromosome-specific,0.2300943807852254,1.732249326871424e-86,2.0242919246552405e-84,True,False,True
RPS20,chr8,3.5702596,0.6323509,0.22950109365413818,4.855589512864786e-86,-0.13092367265830168,1.088738828867513e-28,0.36042476631243986,chromosome-specific,0.22950109365413818,4.855589512864786e-86,5.63452114520827e-84,True,False,True
THEMIS2,chr1,0.26692942,0.5238951,0.22930661467185012,6.802945875293231e-86,-0.28949951245505445,5.547679949843845e-138,0.5188061271269045,chromosome-specific,0.22930661467185012,6.802945875293231e-86,7.839450267681658e-84,True,False,True
CAPZA1,chr1,0.50884384,0.69377124,0.22906067023469487,1.0416270579207692e-85,-0.20923233034494004,1.6530066366581946e-71,0.43829300057963494,chromosome-specific,0.22906067023469487,1.0416270579207692e-85,1.1838876300778933e-83,True,False,True
UBA52,chr19,3.0350027,0.6387451,0.22830406621079233,3.850372203762806e-85,-0.20943678259279924,1.1994966722836218e-71,0.43774084880359154,chromosome-specific,0.22830406621079233,3.850372203762806e-85,4.317099753327027e-83,True,False,True
TRDC,chr14,0.2429858,0.71413,0.226079167236575,1.7504753329291894e-83,0.07984872482732924,1.388763258568643e-11,0.14623044240924576,chromosome-specific,0.226079167236575,1.7504753329291894e-83,1.9494891056796622e-81,True,False,True
REL,chr2,0.8356758,0.97890663,0.22598273222800425,2.0634775551948652e-83,-0.0404974434951865,0.0006171169375531589,0.2664801757231907,chromosome-specific,0.22598273222800425,2.0634775551948652e-83,2.2827564367269062e-81,True,False,True
CARD16,chr11,0.6144638,0.8115657,0.22531455155812263,6.437214140518921e-83,-0.2314000048345814,1.774266653874847e-87,0.45671455639270403,chromosome-specific,0.22531455155812263,6.437214140518921e-83,7.074114665415297e-81,True,False,True
TMED5,chr1,0.2614895,0.5098972,0.2250590435170387,9.936009134783236e-83,-0.21641061507555534,1.7364091230709812e-76,0.441469658592594,chromosome-specific,0.2250590435170387,9.936009134783236e-83,1.0847245762012698e-80,True,False,True
GPSM3,chr6,1.0168022,0.8755485,0.22447896779291243,2.656550253999463e-82,-0.1927881549945067,8.71329115972963e-61,0.4172671227874191,chromosome-specific,0.22447896779291243,2.656550253999463e-82,2.8812284258083065e-80,True,False,True
ANXA1,chr9,1.6958808,1.2556105,0.22426134049448723,3.839216965035445e-82,-0.18177837167199018,3.9332873578466515e-54,0.4060397121664774,chromosome-specific,0.22426134049448723,3.839216965035445e-82,4.1101913753418175e-80,True,False,True
RPL7,chr8,3.3721402,0.6682756,0.22312690489144188,2.600915248167384e-81,0.035076859673270316,0.003023150715755561,0.18805004521817156,chromosome-specific,0.22312690489144188,2.600915248167384e-81,2.766640232569844e-79,True,False,True
PSMB9,chr6,0.9532826,0.86889803,0.22293177349635906,3.6105836384255465e-81,-0.08803335918928265,9.023216314334435e-14,0.31096513268564174,chromosome-specific,0.22293177349635906,3.6105836384255465e-81,3.816179929683664e-79,True,False,True
DSE,chr6,0.12688716,0.3561917,0.22275978685410583,4.819686125757681e-81,-0.279178373242002,4.622289385665656e-128,0.5019381600961078,chromosome-specific,0.22275978685410583,4.819686125757681e-81,5.0618906057482885e-79,True,False,True
GSN,chr9,0.44750407,0.79380643,0.22267231215588895,5.581861843087415e-81,-0.16898355748685387,6.435060223328008e-47,0.3916558696427428,chromosome-specific,0.22267231215588895,5.581861843087415e-81,5.825497825420917e-79,True,False,True
GNG11,chr7,0.09338414,0.44417995,0.22199101902559282,1.7475610258395673e-80,0.2123574348088697,1.1837837841891582e-73,0.009633584216723112,chromosome-specific,0.22199101902559282,1.7475610258395673e-80,1.8124392289238615e-78,True,False,False
RPL30,chr8,3.6747322,0.6932209,0.22173823440238463,2.666328067769287e-80,0.03459793486519423,0.003446093608438219,0.1871402995371904,chromosome-specific,0.22173823440238463,2.666328067769287e-80,2.744936276575983e-78,True,False,True
CD58,chr1,0.22097354,0.48605245,0.22173522548461638,2.679761822377421e-80,-0.20843614329211235,5.744354591557441e-71,0.43017136877672874,chromosome-specific,0.22173522548461638,2.679761822377421e-80,2.744936276575983e-78,True,False,True
TXN,chr9,1.0957012,1.0341268,0.22165013140632833,3.088931977367865e-80,-0.31708644874866415,1.2968142617438516e-166,0.5387365801549925,chromosome-specific,0.22165013140632833,3.088931977367865e-80,3.1446464559780585e-78,True,False,True
CNPY3,chr6,0.3821017,0.61816037,0.2213393168966302,5.187966219682551e-80,-0.1602963490445292,2.465251154419998e-42,0.3816356659411594,chromosome-specific,0.2213393168966302,5.187966219682551e-80,5.249336063988552e-78,True,False,True
LAMA3,chr18,0.014001359,0.1650399,0.22124569594688318,6.06399266803562e-80,0.14856860911321684,1.5150561656161225e-36,0.07267708683366633,chromosome-specific,0.22124569594688318,6.06399266803562e-80,6.098539050508066e-78,True,False,True
GBP1,chr1,0.22668444,0.5143288,0.22053553610707607,1.9757790797491098e-79,-0.13220055675202427,3.180267248224046e-29,0.35273609285910035,chromosome-specific,0.22053553610707607,1.9757790797491098e-79,1.963238206548307e-77,True,False,True
TCEA3,chr1,0.09937281,0.30477053,0.21975766793790066,7.17053984383704e-79,-0.049288952923103285,3.071410845004918e-05,0.26904662086100395,chromosome-specific,0.21975766793790066,7.17053984383704e-79,7.082615367180467e-77,True,False,True
CLIC4,chr1,0.13699603,0.35557145,0.21953177302995672,1.0416383643511361e-78,-0.2134344093367131,2.118577490047033e-74,0.43296618236666984,chromosome-specific,0.21953177302995672,1.0416383643511361e-78,1.0227779300617012e-76,True,False,True
SYNE2,chr14,0.34990332,0.69731784,0.21938917222934387,1.3182353392520983e-78,0.19129718298981258,7.341527225529955e-60,0.028091989239531295,chromosome-specific,0.21938917222934387,1.3182353392520983e-78,1.286752777620548e-76,True,False,False
IGKC,chr2,2.0621974,1.9561496,0.21860559840427282,4.793892525264569e-78,0.13841380265177772,6.701424194027371e-32,0.0801917957524951,chromosome-specific,0.21860559840427282,4.793892525264569e-78,4.6520381616514774e-76,True,False,True
SLC15A3,chr11,0.13585237,0.35599926,0.217178487097619,4.9686128908808026e-77,-0.37753792437946154,7.590111971640799e-241,0.5947164114770805,chromosome-specific,0.217178487097619,4.9686128908808026e-77,4.765847532443701e-75,True,False,True
RPL28,chr19,3.8873262,0.63473326,0.21686098712679797,8.340314012633349e-77,-0.1646862949267072,1.2804526726100596e-44,0.3815472820535052,chromosome-specific,0.21686098712679797,8.340314012633349e-77,7.953975329059643e-75,True,False,True
DRAP1,chr11,0.7403101,0.7926065,0.21645572704595278,1.613558898259334e-76,-0.18504779868582277,4.592858368937972e-56,0.40150352573177556,chromosome-specific,0.21645572704595278,1.613558898259334e-76,1.5300226490123078e-74,True,False,True
TMEM50A,chr1,0.62315255,0.7445589,0.2163467216899953,1.9265226961714203e-76,-0.05900424845738911,6.006967310226823e-07,0.2753509701473844,chromosome-specific,0.2163467216899953,1.9265226961714203e-76,1.816404410242531e-74,True,False,True
EREG,chr4,0.09713732,0.42642513,0.21626326723849493,2.2064214884518602e-76,-0.22258202813753664,6.494687636533986e-81,0.43884529537603156,chromosome-specific,0.21626326723849493,2.2064214884518602e-76,2.068551309568936e-74,True,False,True
RPS19,chr19,3.8374922,0.6422085,0.21573175713421616,5.227855142589163e-76,-0.15959584215409503,5.629183628922919e-42,0.37532759928831116,chromosome-specific,0.21573175713421616,5.227855142589163e-76,4.873653271692392e-74,True,False,True
TSPAN13,chr7,0.10376833,0.41912815,0.21547350831367404,7.943044888585716e-76,0.2605600564711878,3.21859507872605e-111,-0.045086548157513756,chromosome-specific,0.21547350831367404,7.943044888585716e-76,7.36351323358611e-74,True,False,False
STX7,chr6,0.2039994,0.45290318,0.21502718071204965,1.6345321092502812e-75,-0.188634928549634,3.1582652722971497e-58,0.40366210926168367,chromosome-specific,0.21502718071204965,1.6345321092502812e-75,1.4985318133093463e-73,True,False,True
WFDC2,chr20,0.1483322,0.50569355,0.21443320174359434,4.2597065193187317e-75,0.34725142501615186,1.3330767511301564e-201,-0.13281822327255752,chromosome-specific,0.21443320174359434,4.2597065193187317e-75,3.883822526460167e-73,True,False,False
CNIH4,chr1,0.23328021,0.49615955,0.21390084851371347,1.0026305867210265e-74,-0.055572220576733965,2.5987542998081854e-06,0.26947306909044744,chromosome-specific,0.21390084851371347,1.0026305867210265e-74,9.091613090737003e-73,True,False,True
SOD2,chr6,0.5519489,0.870442,0.21386892439977764,1.0553649970825178e-74,-0.21690935501597075,7.707920076935623e-77,0.4307782794157484,chromosome-specific,0.21386892439977764,1.0553649970825178e-74,9.51778628347136e-73,True,False,True
KMO,chr1,0.057809275,0.22319564,0.21308948055976906,3.679691355708423e-74,-0.2813318054099524,4.263428466347054e-130,0.49442128596972146,chromosome-specific,0.21308948055976906,3.679691355708423e-74,3.282838621323956e-72,True,False,True
FABP3,chr1,0.0676615,0.31619424,0.21287956462077157,5.146613221781465e-74,-0.24842270420296703,5.948879007018322e-101,0.4613022688237386,chromosome-specific,0.21287956462077157,5.146613221781465e-74,4.566999989424686e-72,True,False,True
MARCKS,chr6,0.23978771,0.5891728,0.21260598538216552,7.965039894871286e-74,-0.0020155478482324924,0.864742127526494,0.214621533230398,chromosome-specific,0.21260598538216552,7.965039894871286e-74,7.030418724228411e-72,True,False,True
AGTRAP,chr1,0.2350213,0.5023259,0.2125795723382637,8.307789392672816e-74,-0.08459101228107085,7.95631684394736e-13,0.29717058461933454,chromosome-specific,0.2125795723382637,8.307789392672816e-74,7.294151173651466e-72,True,False,True
ENO1,chr1,1.0359807,0.8804919,0.21243753545024996,1.0419298782051e-73,-0.13471313237701024,2.724749646866241e-30,0.34715066782726023,chromosome-specific,0.21243753545024996,1.0419298782051e-73,9.099886525755489e-72,True,False,True
TAPBP,chr6,0.7191852,0.7855883,0.21164079172556344,3.700116105761761e-73,-0.09626177048841432,3.510836221994734e-16,0.30790256221397777,chromosome-specific,0.21164079172556344,3.700116105761761e-73,3.214645374817312e-71,True,False,True
STK17B,chr2,0.74935395,0.85416377,0.21144166720480537,5.074763320679891e-73,-0.030774009135294614,0.009283613140240586,0.2422156763401,chromosome-specific,0.21144166720480537,5.074763320679891e-73,4.385969924133443e-71,True,False,True
MRPS15,chr1,0.32046717,0.55004585,0.2113083503562098,6.268953577004503e-73,-0.17109281537836604,4.544468710634064e-48,0.38240116573457583,chromosome-specific,0.2113083503562098,6.268953577004503e-73,5.39000081123382e-71,True,False,True
ALDH1A1,chr9,0.23435776,0.52405417,0.21097145161624273,1.0686750024162336e-72,-0.13872988495086003,4.860210422259197e-32,0.3497013365671028,chromosome-specific,0.21097145161624273,1.0686750024162336e-72,9.141027314481949e-71,True,False,True
CD151,chr11,0.35923597,0.6282381,0.2109611779283933,1.0861842361453373e-72,-0.12984488850903042,3.05032469587905e-28,0.3408060664374237,chromosome-specific,0.2109611779283933,1.0861842361453373e-72,9.243149340818323e-71,True,False,True
PFDN2,chr1,0.48037222,0.6632672,0.21059770214535198,1.9291440098580872e-72,-0.175574653528673,1.4513263914857874e-50,0.38617235567402497,chromosome-specific,0.21059770214535198,1.9291440098580872e-72,1.6332763112033216e-70,True,False,True
ARHGAP18,chr6,0.3058548,0.5817006,0.21048217504687988,2.3150237600455656e-72,-0.24976034559857352,4.678545626077372e-102,0.4602425206454534,chromosome-specific,0.21048217504687988,2.3150237600455656e-72,1.9500255976749295e-70,True,False,True
STMN1,chr1,0.28186473,0.61331016,0.2103139078331341,3.018657006796172e-72,-0.176036143467089,7.960161116128687e-51,0.38635005130022315,chromosome-specific,0.2103139078331341,3.018657006796172e-72,2.5298785035745288e-70,True,False,True
FGD2,chr6,0.055879198,0.23627283,0.21014002725698772,3.970195413322042e-72,-0.18586208868129145,1.4963537932920667e-56,0.39600211593827916,chromosome-specific,0.21014002725698772,3.970195413322042e-72,3.310624255711858e-70,True,False,True
PABPC1,chr8,1.8648266,0.90071076,0.20971700338359445,7.724477008327158e-72,-0.17005298084255546,1.6858467018622927e-47,0.37976998422614994,chromosome-specific,0.20971700338359445,7.724477008327158e-72,6.408998573809042e-70,True,False,True
TNNI2,chr11,0.13182053,0.37146276,0.2096497667024133,8.585279740817111e-72,-0.38753244597481984,9.440126369136973e-255,0.5971822126772331,chromosome-specific,0.2096497667024133,8.585279740817111e-72,7.087767762145231e-70,True,False,True
LEPROT,chr1,0.29467928,0.5531122,0.20839856874490092,6.091382380695958e-71,-0.08916051348851477,4.342870818906274e-14,0.2975590822334157,chromosome-specific,0.20839856874490092,6.091382380695958e-71,5.003980159666768e-69,True,False,True
PCSK1N,chrX,0.05489391,0.28499153,0.20831518095535237,6.937978499752747e-71,0.20831518095535237,6.937978499752747e-71,0.0,global,0.20831518095535237,6.937978499752747e-71,5.671370208123009e-69,True,False,False
DUSP23,chr1,0.25032642,0.5033785,0.20826373781473834,7.517733563866966e-71,-0.1498601114466743,3.675203097377654e-37,0.3581238492614126,chromosome-specific,0.20826373781473834,7.517733563866966e-71,6.11516033131414e-69,True,False,True
RPL18A,chr19,3.5634334,0.65552473,0.2077158295043357,1.7649367616078448e-70,-0.041381901198449283,0.0004673215621518863,0.249097730702785,chromosome-specific,0.2077158295043357,1.7649367616078448e-70,1.4286517376644185e-68,True,False,True
TMEM258,chr11,0.83138597,0.807726,0.2076767547121923,1.8755193579956137e-70,-0.08297574046310233,2.1457220001112855e-12,0.2906524951752946,chromosome-specific,0.2076767547121923,1.8755193579956137e-70,1.5107945741057871e-68,True,False,True
NDUFS5,chr1,1.2243918,0.8940054,0.20650837229777308,1.1476268436500342e-69,-0.12688089753003284,4.946030488411927e-27,0.3333892698278059,chromosome-specific,0.20650837229777308,1.1476268436500342e-69,9.155634540158015e-68,True,False,True
PTPMT1,chr11,0.22415379,0.47557515,0.20643888362636748,1.2777221698193641e-69,-0.2760935008071828,3.535852825736916e-125,0.4825323844335503,chromosome-specific,0.20643888362636748,1.2777221698193641e-69,1.0144747218173458e-67,True,False,True
RPL6,chr12,3.0725765,0.6645095,0.20527884701368432,7.62887089082251e-69,0.11161831454444524,2.9976199965523367e-21,0.09366053246923908,chromosome-specific,0.20527884701368432,7.62887089082251e-69,6.028261122014702e-67,True,False,True
BANF1,chr11,0.5190629,0.69576985,0.20489386769106793,1.3770594217053172e-68,-0.09942260066153236,3.656821472742398e-17,0.3043164683526003,chromosome-specific,0.20489386769106793,1.3770594217053172e-68,1.0778737756499072e-66,True,False,True
RTN3,chr11,0.29214826,0.5358786,0.20471234790898624,1.8184846288098007e-68,-0.19789475761000114,5.1477183169537145e-64,0.4026071055189874,chromosome-specific,0.20471234790898624,1.8184846288098007e-68,1.416710513167598e-66,True,False,True
PDE4DIP,chr1,0.16221574,0.40490022,0.20466532630088408,1.9542140487358215e-68,-0.2001530680130259,1.7985401345857353e-65,0.40481839431391,chromosome-specific,0.20466532630088408,1.9542140487358215e-68,1.5153377534916925e-66,True,False,True
EMP3,chr19,1.323724,0.9731813,0.20447363801256596,2.6202124661356487e-68,-0.2742282777094739,1.879295360101102e-123,0.47870191572203985,chromosome-specific,0.20447363801256596,2.6202124661356487e-68,2.0223165424676725e-66,True,False,True
NACA,chr12,2.6394916,0.69248134,0.20437536413899066,3.0449704617349646e-68,-0.046678430709704836,7.910343632065172e-05,0.2510537948486955,chromosome-specific,0.20437536413899066,3.0449704617349646e-68,2.3392703630569447e-66,True,False,True
OPN3,chr1,0.08038505,0.26522148,0.20432419555189202,3.292621570609873e-68,-0.28271030512122075,2.0769045900602785e-131,0.48703450067311277,chromosome-specific,0.20432419555189202,3.292621570609873e-68,2.5178692323824993e-66,True,False,True
TPPP3,chr16,0.12610142,0.51144415,0.20409353565355925,4.682829805196564e-68,0.25533979260453415,9.805911209928479e-107,-0.0512462569509749,chromosome-specific,0.20409353565355925,4.682829805196564e-68,3.5645356783225584e-66,True,False,False
MPC2,chr1,0.44170356,0.64196724,0.2033621069798212,1.4267086798931999e-67,-0.13084486157268327,1.1741891844948173e-28,0.3342069685525045,chromosome-specific,0.2033621069798212,1.4267086798931999e-67,1.0810412709656511e-65,True,False,True
SEZ6L2,chr16,0.009034809,0.09469661,0.20335021871003317,1.4527259341628661e-67,0.29489118798368374,2.4696879260393357e-143,-0.09154096927365057,chromosome-specific,0.20335021871003317,1.4527259341628661e-67,1.0957515523408455e-65,True,False,False
TMC5,chr16,0.028141363,0.20918573,0.20273167691043975,3.714059239566198e-67,0.251871496624946,8.195359613357593e-104,-0.04913981971450626,chromosome-specific,0.20273167691043975,3.714059239566198e-67,2.7887375122788005e-65,True,False,False
RAMP3,chr7,0.038024753,0.29584122,0.20269106378514123,3.9497446063963476e-67,0.24632780524518638,3.0939419056848684e-99,-0.04363674146004515,chromosome-specific,0.20269106378514123,3.9497446063963476e-67,2.9523451350694144e-65,True,False,False
DSTN,chr20,0.64431226,0.8243575,0.20256244250694147,4.799029467951347e-67,0.15577486937365242,4.760046685384245e-40,0.046787573133289045,chromosome-specific,0.20256244250694147,4.799029467951347e-67,3.5710804928782355e-65,True,False,False
HYDIN,chr16,0.015086222,0.16773309,0.20203798499805184,1.06035083233278e-66,0.13582697915850694,9.029995057545044e-31,0.0662110058395449,chromosome-specific,0.20203798499805184,1.06035083233278e-66,7.855116835593817e-65,True,False,True
EIF3E,chr8,1.366313,0.9017941,0.2019836860365607,1.150908517057106e-66,-0.017766139205054928,0.13320205097939103,0.21974982524161563,chromosome-specific,0.2019836860365607,1.150908517057106e-66,8.488078192020274e-65,True,False,True
SLCO2B1,chr11,0.16646181,0.42237455,0.20157874339923337,2.119055807211138e-66,-0.40224621269153094,4.005009409419987e-276,0.6038249560907643,chromosome-specific,0.20157874339923337,2.119055807211138e-66,1.5559120382682134e-64,True,False,True
XBP1,chr22,0.58615714,0.7877008,0.2014002941868402,2.771945720610456e-66,0.04819027011376986,4.5997168597973006e-05,0.15321002407307033,chromosome-specific,0.2014002941868402,2.771945720610456e-66,2.0263289554101278e-64,True,False,True
CLDN4,chr7,0.07702683,0.35072792,0.20113185658154925,4.149901233076163e-66,0.3578419426104178,7.674375028982592e-215,-0.15671008602886854,chromosome-specific,0.20113185658154925,4.149901233076163e-66,3.0203272395467474e-64,True,False,False
KLF4,chr9,0.4222216,0.753099,0.2010456156514438,4.7237601174599217e-66,-0.31087371084023135,6.83364169499617e-160,0.5119193264916752,chromosome-specific,0.2010456156514438,4.7237601174599217e-66,3.422972724416155e-64,True,False,True
APLP2,chr11,0.47303545,0.72474235,0.20099065084397433,5.130086692852141e-66,-0.14256736458224525,9.264435290042652e-34,0.34355801542621955,chromosome-specific,0.20099065084397433,5.130086692852141e-66,3.701246025269063e-64,True,False,True
